Date,Close Price,pct_change,log_ret,edge_count,node_count,degree,transitivity,centrality,average_clustering,number_connected_components,density
2015-09-27 17:00:00,0.7300000000000001,0.0,0.0,71,129,1.1007751937984496,0,0.492364333267,0.0,78,0.008599806201550387
2015-09-27 18:00:00,0.7300000000000001,0.0,0.0,69,125,1.104,0,0.54407109659,0.0,75,0.008903225806451613
2015-09-27 19:00:00,0.7300000000000001,0.0,0.0,94,178,1.0561797752808988,0.004322766570605188,0.561944301261,0.006573033707865168,99,0.005967117374468355
2015-09-27 20:00:00,0.75,0.02739726027397249,0.027028672387919228,86,159,1.0817610062893082,0,0.546082208203,0.0,93,0.006846588647400685
2015-09-27 21:00:00,0.75,0.0,0.0,133,242,1.0991735537190082,0,0.524608006505,0.0,134,0.004560886115016632
2015-09-27 22:00:00,0.75,0.0,0.0,132,230,1.1478260869565218,0,0.568284904773,0.0,137,0.005012340991076514
2015-09-27 23:00:00,0.75,0.0,0.0,177,319,1.109717868338558,0,0.615543592046,0.0,182,0.003489678831253327
2015-09-28 00:00:00,0.75,0.0,0.0,98,173,1.1329479768786128,0,0.559219962252,0.0,105,0.006586906842317516
2015-09-28 01:00:00,0.7458333333333335,-0.005555555555555425,-0.005571045049455214,162,285,1.1368421052631579,0,0.554828772666,0.0,168,0.004002965159377317
2015-09-28 02:00:00,0.7275,-0.024581005586592264,-0.024888162435253325,137,240,1.1416666666666666,0,0.579736433293,0.0,142,0.004776847977684798
2015-09-28 03:00:00,0.6783333333333333,-0.06758304696449025,-0.06997518983706191,223,410,1.0878048780487806,0,0.542590941657,0.0,234,0.002659669628481126
2015-09-28 04:00:00,0.6899999999999998,0.01719901719901684,0.01705278838271912,894,1513,1.1817580964970258,0,0.614092884057,0.0,900,0.0007815860426567631
2015-09-28 05:00:00,0.6899999999999998,0.0,0.0,141,261,1.0804597701149425,0,0.536281749147,0.0,148,0.004155614500442086
2015-09-28 06:00:00,0.6899999999999998,0.0,0.0,116,217,1.0691244239631337,0,0.528439161991,0.0,124,0.004949650110940434
2015-09-28 07:00:00,0.6608333333333335,-0.042270531400965705,-0.04318993275041122,156,284,1.0985915492957747,0,0.511560967112,0.0,163,0.0038819489374408997
2015-09-28 08:00:00,0.6491666666666668,-0.017654476670870167,-0.01781217576409977,127,243,1.045267489711934,0,0.517956473027,0.0,139,0.004319287147569976
2015-09-28 09:00:00,0.6766666666666666,0.04236200256739386,0.041489294290929464,150,278,1.079136690647482,0,0.563845605483,0.0,162,0.0038958003272472276
2015-09-28 10:00:00,0.6799999999999998,0.0049261083743841185,0.004914014802428868,131,245,1.0693877551020408,0,0.55004596892,0.0,146,0.004382736701237872
2015-09-28 11:00:00,0.6799999999999998,0.0,0.0,188,337,1.1157270029673592,0,0.596039650449,0.0,194,0.003320616080259997
2015-09-28 12:00:00,0.6691666666666668,-0.015931372549019218,-0.016059641017344917,100,177,1.1299435028248588,0.00272975432211101,0.5621074079,0.013182674199623351,107,0.0064201335387776065
2015-09-28 13:00:00,0.6433333333333334,-0.03860523038605235,-0.039370163921985564,161,290,1.110344827586207,0,0.570496297593,0.0,169,0.0038420236248657676
2015-09-28 14:00:00,0.62,-0.0362694300518136,-0.03694351519168443,102,182,1.120879120879121,0.010089686098654708,0.516266332975,0.020879120879120878,108,0.00619270232529901
2015-09-28 15:00:00,0.62,0.0,0.0,172,314,1.0955414012738853,0,0.575099969003,0.0,183,0.0035001322724405285
2015-09-28 16:00:00,0.62,0.0,0.0,97,185,1.0486486486486486,0,0.611518553922,0.0,109,0.005699177438307873
2015-09-28 17:00:00,0.62,0.0,0.0,896,1525,1.1750819672131148,0,0.618231217414,0.0,905,0.000771051159588658
2015-09-28 18:00:00,0.62,0.0,0.0,100,186,1.075268817204301,0.005934718100890208,0.527803295374,0.021561741241762054,104,0.005812263876780006
2015-09-28 19:00:00,0.62,0.0,0.0,113,207,1.0917874396135265,0,0.506682690397,0.0,120,0.005299939027250129
2015-09-28 20:00:00,0.62,0.0,0.0,122,231,1.0562770562770563,0,0.509486061037,0.0,130,0.004592508940335027
2015-09-28 21:00:00,0.6058333333333333,-0.022849462365591374,-0.023114557299572458,139,260,1.0692307692307692,0,0.50257863137,0.0,150,0.004128304128304128
2015-09-28 22:00:00,0.5700000000000001,-0.05914718019257215,-0.06096855991096884,157,290,1.0827586206896551,0,0.573836685815,0.0,167,0.0037465696217635126
2015-09-28 23:00:00,0.575,0.008771929824561209,0.008733679968754404,142,268,1.0597014925373134,0,0.61193742736,0.0,151,0.003968919447705293
2015-09-29 00:00:00,0.5791666666666667,0.007246376811594456,0.007220247973487194,108,187,1.1550802139037433,0,0.538184890671,0.0,112,0.006210108676901846
2015-09-29 01:00:00,0.5808333333333332,0.002877697841726201,0.002873565195731453,118,214,1.102803738317757,0,0.589296977719,0.0,123,0.005177482339519986
2015-09-29 02:00:00,0.59,0.015781922525107683,0.015658682933196055,112,193,1.160621761658031,0,0.49562943639,0.0,116,0.006044905008635579
2015-09-29 03:00:00,0.59,0.0,0.0,113,205,1.102439024390244,0,0.566824164654,0.0,118,0.005404112864658059
2015-09-29 04:00:00,0.59,0.0,0.0,194,354,1.0960451977401129,0,0.631432054211,0.0,199,0.0031049439029464956
2015-09-29 05:00:00,0.59,0.0,0.0,900,1532,1.174934725848564,0,0.617838453783,0.0,908,0.0007674296053876969
2015-09-29 06:00:00,0.59,0.0,0.0,111,206,1.0776699029126213,0,0.55592519263,0.0,117,0.005256926355671323
2015-09-29 07:00:00,0.5791666666666667,-0.01836158192090387,-0.01853224812892751,130,238,1.0924369747899159,0,0.551062481398,0.0,137,0.0046094387121937384
2015-09-29 08:00:00,0.5783333333333333,-0.0014388489208635447,-0.0014398850579878664,96,182,1.054945054945055,0,0.502921384122,0.0,104,0.0058284257179284805
2015-09-29 09:00:00,0.58,0.002881844380403509,0.0028776998276152104,149,282,1.0567375886524824,0.0016008537886872999,0.529134127578,0.007097523054969863,158,0.0037606319880871255
2015-09-29 10:00:00,0.5833333333333334,0.005747126436781658,0.00573067470898525,127,241,1.053941908713693,0,0.513354440962,0.0,138,0.004391424619640387
2015-09-29 11:00:00,0.6100000000000001,0.04571428571428582,0.04470017891790695,131,245,1.0693877551020408,0,0.502943223441,0.0,139,0.004382736701237872
2015-09-29 12:00:00,0.6100000000000001,0.0,0.0,145,270,1.0740740740740742,0,0.527970716726,0.0,154,0.0039928404240671895
2015-09-29 13:00:00,0.6166666666666666,0.01092896174863367,0.01086967223690355,130,238,1.0924369747899159,0.001601708489054992,0.515007122925,0.009803921568627449,140,0.0046094387121937384
2015-09-29 14:00:00,0.6433333333333334,0.04324324324324347,0.04233436382656103,172,300,1.1466666666666667,0,0.5828846689,0.0,181,0.003835005574136009
2015-09-29 15:00:00,0.6749999999999999,0.04922279792746087,0.048049697641708015,139,252,1.1031746031746033,0,0.521111855982,0.0,144,0.004395117940934674
2015-09-29 16:00:00,0.6799999999999998,0.007407407407407306,0.007380107297622451,171,300,1.14,0.0009721322099805574,0.617793092849,0.01,179,0.0038127090301003346
2015-09-29 17:00:00,0.6341666666666667,-0.06740196078431349,-0.06978099710242097,890,1521,1.1702827087442471,1.8819514581987214e-05,0.618768338118,0.0006674288902177243,901,0.0007699228347001626
2015-09-29 18:00:00,0.6425000000000001,0.01314060446780574,0.013055015701643802,209,377,1.1087533156498675,0,0.606263498939,0.0,215,0.002948812009707094
2015-09-29 19:00:00,0.66,0.027237354085603016,0.02687301825109628,97,175,1.1085714285714285,0,0.55986850717,0.0,103,0.006371100164203613
2015-09-29 20:00:00,0.66,0.0,0.0,175,304,1.1513157894736843,0.001058574453069866,0.584982926449,0.0027412280701754384,181,0.003799722077470905
2015-09-29 21:00:00,0.6675,0.011363636363636244,0.01129955525393328,152,282,1.0780141843971631,0.0013723696248856359,0.544806589334,0.00591016548463357,164,0.003836349410666061
2015-09-29 22:00:00,0.6899999999999998,0.03370786516853918,0.033152207316900266,129,227,1.1365638766519823,0,0.562892488267,0.0,134,0.005029043701999922
2015-09-29 23:00:00,0.6899999999999998,0.0,0.0,132,243,1.0864197530864197,0,0.570756383441,0.0,140,0.004489337822671156
2015-09-30 00:00:00,0.6866666666666665,-0.004830917874396046,-0.0048426244757879275,146,267,1.0936329588014981,0,0.566009142054,0.0,160,0.004111402100757512
2015-09-30 01:00:00,0.6774999999999999,-0.013349514563106736,-0.013439420361661123,145,258,1.124031007751938,0.001279863481228669,0.571121831264,0.007754861038034772,151,0.004373661508762405
2015-09-30 02:00:00,0.66,-0.025830258302582787,-0.0261697177333845,173,307,1.1270358306188926,0,0.576847087079,0.0,183,0.003683123629473505
2015-09-30 03:00:00,0.66,0.0,0.0,107,193,1.1088082901554404,0,0.546485748301,0.0,114,0.005775043177892919
2015-09-30 04:00:00,0.66,0.0,0.0,131,238,1.1008403361344539,0,0.63841431953,0.0,140,0.004644895933056767
2015-09-30 05:00:00,0.6558333333333334,-0.006313131313131271,-0.006333143397022567,854,1452,1.1763085399449036,0,0.618573451832,0.0,866,0.0008106881736353574
2015-09-30 06:00:00,0.6399999999999999,-0.02414231257941568,-0.024438515269731287,217,407,1.0663390663390664,0.0008613264427217916,0.584369935292,0.005733005733005732,232,0.002626450902312971
2015-09-30 07:00:00,0.6399999999999999,0.0,0.0,117,214,1.0934579439252337,0,0.49854036477,0.0,125,0.005133605370541003
2015-09-30 08:00:00,0.6399999999999999,0.0,0.0,177,322,1.0993788819875776,0,0.589224753593,0.0,188,0.0034248563301793695
2015-09-30 09:00:00,0.6399999999999999,0.0,0.0,115,200,1.15,0,0.58037554744,0.0,120,0.005778894472361809
2015-09-30 10:00:00,0.6399999999999999,0.0,0.0,152,271,1.121771217712177,0,0.52541422277,0.0,160,0.004154708213748804
2015-09-30 11:00:00,0.6416666666666667,0.0026041666666669627,0.002600781700057564,122,220,1.1090909090909091,0.0017740981667652277,0.550683207478,0.006065639786570019,129,0.00506434205064342
2015-09-30 12:00:00,0.6500000000000001,0.012987012987013102,0.012903404835908015,152,275,1.1054545454545455,0,0.579424692461,0.0,162,0.004034505640345056
2015-09-30 13:00:00,0.6500000000000001,0.0,0.0,115,211,1.0900473933649288,0,0.500085220088,0.0,122,0.005190701873166328
2015-09-30 14:00:00,0.6575000000000001,0.011538461538461496,0.011472401162236743,196,352,1.1136363636363635,0,0.574622293734,0.0,205,0.003172753172753173
2015-09-30 15:00:00,0.6449999999999999,-0.019011406844106737,-0.019194447256147384,145,254,1.141732283464567,0,0.574071008992,0.0,152,0.00451277582397062
2015-09-30 16:00:00,0.6458333333333334,0.0012919896640828374,0.0012911557636201,182,330,1.103030303030303,0,0.551177850104,0.0,193,0.003352675693101225
2015-09-30 17:00:00,0.66,0.021935483870967776,0.021698362461078813,892,1516,1.1767810026385224,0,0.611303404165,0.0,901,0.0007767531370551303
2015-09-30 18:00:00,0.6908333333333333,0.04671717171717171,0.04565876332086905,232,424,1.0943396226415094,0,0.599616250099,0.0,242,0.0025870913064811097
2015-09-30 19:00:00,0.7325000000000003,0.06031363088057939,0.05856474254988243,125,220,1.1363636363636365,0,0.506971712254,0.0,131,0.00518887505188875
2015-09-30 20:00:00,0.7300000000000001,-0.0034129692832767233,-0.003418806748785808,176,317,1.110410094637224,0,0.563034446835,0.0,182,0.0035139559956874175
2015-09-30 21:00:00,0.7300000000000001,0.0,0.0,101,182,1.10989010989011,0,0.505761884111,0.0,110,0.006131989557403922
2015-09-30 22:00:00,0.7291666666666669,-0.0011415525114153446,-0.0011422045787768398,186,338,1.1005917159763314,0,0.564333467124,0.0,196,0.003265850789247274
2015-09-30 23:00:00,0.7283333333333335,-0.0011428571428572232,-0.0011435107020790205,156,277,1.1263537906137184,0,0.537782818839,0.0,164,0.00408099199497724
2015-10-01 00:00:00,0.7325,0.005720823798626817,0.00570452202964139,160,282,1.1347517730496455,0,0.552442672706,0.0,167,0.004038262537543222
2015-10-01 01:00:00,0.7199999999999999,-0.017064846416382506,-0.01721212888112167,162,287,1.1289198606271778,0.0010348395998620215,0.579554085317,0.006970609657670427,171,0.003947272239955167
2015-10-01 02:00:00,0.7191666666666666,-0.0011574074074073293,-0.0011580777206275372,169,301,1.1229235880398671,0,0.503792951804,0.0,177,0.003743078626799557
2015-10-01 03:00:00,0.7375000000000002,0.02549246813441508,0.025172953924501862,138,241,1.1452282157676348,0,0.512955473633,0.0,144,0.004771784232365146
2015-10-01 04:00:00,0.7441666666666666,0.009039548022598655,0.008998935868569258,119,209,1.138755980861244,0,0.542853304118,0.0,121,0.005474788369525212
2015-10-01 05:00:00,0.71,-0.045912653975363926,-0.047000054047183326,868,1472,1.1793478260869565,0,0.615973028452,0.0,877,0.0008017320367688351
2015-10-01 06:00:00,0.71,0.0,0.0,228,413,1.1041162227602905,0,0.528190841346,0.0,234,0.002679893744563812
2015-10-01 07:00:00,0.7075,-0.003521126760563265,-0.003527340517968325,73,137,1.0656934306569343,0,0.513686019715,0.0,78,0.007835981107771575
2015-10-01 08:00:00,0.6749999999999999,-0.04593639575971742,-0.04702493864486301,185,335,1.1044776119402986,0,0.569176441606,0.0,195,0.0033068191974260433
2015-10-01 09:00:00,0.6799999999999998,0.007407407407407306,0.007380107297622451,154,277,1.111913357400722,0,0.548527736674,0.0,164,0.004028671584785225
2015-10-01 10:00:00,0.6799999999999998,0.0,0.0,236,429,1.1002331002331003,0,0.581943381709,0.0,251,0.002570638084656776
2015-10-01 11:00:00,0.6799999999999998,0.0,0.0,139,255,1.0901960784313725,0,0.50790866876,0.0,145,0.004292110545005404
2015-10-01 12:00:00,0.6799999999999998,0.0,0.0,164,297,1.1043771043771045,0,0.550833752766,0.0,175,0.003731003731003731
2015-10-01 13:00:00,0.6799999999999998,0.0,0.0,171,308,1.1103896103896105,0,0.55509045055,0.0,180,0.0036169042683700664
2015-10-01 14:00:00,0.6799999999999998,0.0,0.0,138,255,1.0823529411764705,0,0.628785179363,0.0,146,0.004261232051875868
2015-10-01 15:00:00,0.6799999999999998,0.0,0.0,161,278,1.158273381294964,0,0.51389596098,0.0,169,0.004181492351245358
2015-10-01 16:00:00,0.6799999999999998,0.0,0.0,142,256,1.109375,0,0.525684737674,0.0,154,0.0043504901960784315
2015-10-01 17:00:00,0.6891666666666666,0.013480392156862921,0.013390340059584449,919,1552,1.184278350515464,0,0.605708685838,0.0,927,0.0007635579306998478
2015-10-01 18:00:00,0.71,0.030229746070133068,0.029781831805624437,108,198,1.0909090909090908,0.0027124773960217,0.564695993455,0.015151515151515152,114,0.0055376095985233045
2015-10-01 19:00:00,0.71,0.0,0.0,94,169,1.1124260355029585,0,0.540751910895,0.0,99,0.006621583544660468
2015-10-01 20:00:00,0.693333333333333,-0.02347417840375621,-0.02375408600810752,170,310,1.096774193548387,0.0013357079252003562,0.5737780167,0.006458550121401317,175,0.003549431047082159
2015-10-01 21:00:00,0.6891666666666666,-0.006009615384615086,-0.006027745797516915,136,251,1.0836653386454183,0,0.580586153512,0.0,144,0.004334661354581673
2015-10-01 22:00:00,0.7000000000000001,0.01571946795646939,0.015597196813668168,143,247,1.1578947368421053,0,0.52830647623,0.0,148,0.004706889174154899
2015-10-01 23:00:00,0.7000000000000001,0.0,0.0,103,192,1.0729166666666667,0,0.503316923146,0.0,114,0.005617364746945899
2015-10-02 00:00:00,0.7000000000000001,0.0,0.0,117,204,1.1470588235294117,0,0.537763547148,0.0,123,0.005650536076499566
2015-10-02 01:00:00,0.7000000000000001,0.0,0.0,137,244,1.1229508196721312,0,0.497892678194,0.0,144,0.004621196788774202
2015-10-02 02:00:00,0.7000000000000001,0.0,0.0,93,167,1.1137724550898203,0,0.518236892457,0.0,96,0.0067094726210230144
2015-10-02 03:00:00,0.6874999999999999,-0.017857142857143127,-0.018018505502678583,154,278,1.1079136690647482,0,0.516219790752,0.0,161,0.00399968833597382
2015-10-02 04:00:00,0.6799999999999998,-0.01090909090909098,-0.010969031370574034,107,192,1.1145833333333333,0,0.537690164442,0.0,114,0.0058355148342059335
2015-10-02 05:00:00,0.6799999999999998,0.0,0.0,917,1560,1.1756410256410257,0,0.611681916938,0.0,924,0.0007540994391539613
2015-10-02 06:00:00,0.6799999999999998,0.0,0.0,168,306,1.0980392156862746,0,0.517968645297,0.0,180,0.003600128576020572
2015-10-02 07:00:00,0.6799999999999998,0.0,0.0,165,284,1.1619718309859155,0,0.552347503499,0.0,171,0.004105907529985567
2015-10-02 08:00:00,0.6799999999999998,0.0,0.0,160,303,1.056105610561056,0,0.550494784228,0.0,168,0.003497038445566411
2015-10-02 09:00:00,0.6799999999999998,0.0,0.0,126,222,1.135135135135135,0,0.515900990738,0.0,129,0.005136358077534548
2015-10-02 10:00:00,0.6799999999999998,0.0,0.0,145,262,1.1068702290076335,0,0.536412957927,0.0,153,0.004240882103477523
2015-10-02 11:00:00,0.67,-0.014705882352940904,-0.014815085785140347,168,297,1.1313131313131313,0,0.578259773562,0.0,178,0.003822003822003822
2015-10-02 12:00:00,0.66,-0.0149253731343284,-0.01503787736454054,121,225,1.0755555555555556,0,0.549404169544,0.0,129,0.0048015873015873015
2015-10-02 13:00:00,0.66,0.0,0.0,124,220,1.1272727272727272,0,0.523198730716,0.0,131,0.00514736405147364
2015-10-02 14:00:00,0.6666666666666666,0.010101010101009944,0.010050335853501348,102,190,1.0736842105263158,0.0030303030303030303,0.516426857248,0.01053763440860215,109,0.0056808688387635755
2015-10-02 15:00:00,0.6799999999999998,0.0199999999999998,0.019802627296179542,223,403,1.1066997518610422,0,0.58165038218,0.0,230,0.0027529844573657767
2015-10-02 16:00:00,0.6799999999999998,0.0,0.0,184,317,1.160883280757098,0,0.548904894393,0.0,190,0.003673681268218664
2015-10-02 17:00:00,0.6799999999999998,0.0,0.0,855,1449,1.1801242236024845,0,0.613339661673,0.0,862,0.0008150029168525445
2015-10-02 18:00:00,0.6799999999999998,0.0,0.0,134,232,1.1551724137931034,0,0.581438282882,0.0,138,0.005000746380056725
2015-10-02 19:00:00,0.6833333333333331,0.004901960784313708,0.004889985294191712,152,265,1.1471698113207547,0,0.573327688758,0.0,157,0.004345340194396798
2015-10-02 20:00:00,0.6899999999999998,0.009756097560975618,0.009708814126960952,151,278,1.0863309352517985,0,0.545332010712,0.0,158,0.003921772329428875
2015-10-02 21:00:00,0.67,-0.028985507246376493,-0.02941388520629301,156,271,1.151291512915129,0,0.591441501461,0.0,161,0.004264042640426405
2015-10-02 22:00:00,0.67,0.0,0.0,131,232,1.1293103448275863,0,0.538840781594,0.0,135,0.004888789371547992
2015-10-02 23:00:00,0.67,0.0,0.0,98,172,1.1395348837209303,0,0.515952665109,0.0,101,0.0066639466884264925
2015-10-03 00:00:00,0.67,0.0,0.0,181,328,1.103658536585366,0,0.491094835777,0.0,186,0.003375102558365033
2015-10-03 01:00:00,0.67,0.0,0.0,108,195,1.1076923076923078,0,0.531262728009,0.0,112,0.0057097541633624104
2015-10-03 02:00:00,0.67,0.0,0.0,130,229,1.1353711790393013,0,0.52828770603,0.0,138,0.004979698153681146
2015-10-03 03:00:00,0.67,0.0,0.0,160,285,1.1228070175438596,0,0.584242921418,0.0,171,0.003953545836422041
2015-10-03 04:00:00,0.6774999999999999,0.011194029850746023,0.01113184036884396,840,1421,1.1822660098522169,0,0.611896434978,0.0,846,0.0008325816970790259
2015-10-03 05:00:00,0.7066666666666667,0.043050430504305126,0.04214952624409268,168,295,1.1389830508474577,0,0.569215578095,0.0,178,0.00387409200968523
2015-10-03 06:00:00,0.6999999999999997,-0.009433962264151273,-0.009478743954544178,128,227,1.1277533039647578,0,0.563773989457,0.0,137,0.004990058867100698
2015-10-03 07:00:00,0.6899999999999998,-0.014285714285714126,-0.014388737452099454,178,325,1.0953846153846154,0,0.575222367742,0.0,189,0.0033808167141500473
2015-10-03 08:00:00,0.6899999999999998,0.0,0.0,140,252,1.1111111111111112,0,0.530386152501,0.0,147,0.004426737494466578
2015-10-03 09:00:00,0.6899999999999998,0.0,0.0,169,304,1.111842105263158,0,0.55880266366,0.0,174,0.0036694458919576166
2015-10-03 10:00:00,0.6899999999999998,0.0,0.0,99,178,1.1123595505617978,0,0.517331390006,0.0,105,0.006284517234812417
2015-10-03 11:00:00,0.6999999999999998,0.014492753623188468,0.014388737452099619,210,380,1.105263157894737,0,0.554906879256,0.0,220,0.002916261630329121
2015-10-03 12:00:00,0.71,0.014285714285714457,0.014184634991956603,139,244,1.139344262295082,0,0.561020745927,0.0,146,0.004688659515617621
2015-10-03 13:00:00,0.71,0.0,0.0,160,297,1.0774410774410774,0,0.578943994788,0.0,176,0.00364000364000364
2015-10-03 14:00:00,0.71,0.0,0.0,140,247,1.1336032388663968,0,0.498901373276,0.0,149,0.004608143247424377
2015-10-03 15:00:00,0.71,0.0,0.0,178,313,1.1373801916932906,0,0.50876101366,0.0,187,0.0036454493323502908
2015-10-03 16:00:00,0.7041666666666667,-0.008215962441314395,-0.00824989947214172,123,225,1.0933333333333333,0,0.586689964705,0.0,135,0.004880952380952381
2015-10-03 17:00:00,0.7000000000000001,-0.00591715976331364,-0.005934735519814549,909,1544,1.177461139896373,0,0.608831635035,0.0,919,0.0007630986000624582
2015-10-03 18:00:00,0.7000000000000001,0.0,0.0,104,190,1.0947368421052632,0,0.558350238281,0.0,115,0.005792258423837371
2015-10-03 19:00:00,0.7000000000000001,0.0,0.0,140,251,1.1155378486055776,0,0.522803556533,0.0,147,0.004462151394422311
2015-10-03 20:00:00,0.6991666666666667,-0.0011904761904761862,-0.0011911853701531696,134,244,1.098360655737705,0,0.640506009895,0.0,143,0.004520002698509074
2015-10-03 21:00:00,0.695,-0.005959475566150285,-0.005977304108459536,115,215,1.069767441860465,0,0.470365404267,0.0,120,0.004998913279721799
2015-10-03 22:00:00,0.7000000000000001,0.007194244604316723,0.007168489478612704,131,240,1.0916666666666666,0,0.549471036835,0.0,137,0.004567642956764296
2015-10-03 23:00:00,0.7000000000000001,0.0,0.0,118,214,1.102803738317757,0,0.544577203743,0.0,122,0.005177482339519986
2015-10-04 00:00:00,0.6991666666666667,-0.0011904761904761862,-0.0011911853701531696,175,317,1.1041009463722398,0,0.524186338758,0.0,183,0.0034939903366210117
2015-10-04 01:00:00,0.7000000000000001,0.001191895113230146,0.0011911853701531696,109,193,1.1295336787564767,0,0.524129870087,0.0,115,0.0058829879101899825
2015-10-04 02:00:00,0.7000000000000001,0.0,0.0,99,181,1.0939226519337018,0,0.515114768618,0.0,104,0.0060773480662983425
2015-10-04 03:00:00,0.7000000000000001,0.0,0.0,116,206,1.1262135922330097,0,0.512402827242,0.0,122,0.005493724840161023
2015-10-04 04:00:00,0.7000000000000001,0.0,0.0,873,1473,1.185336048879837,0,0.606428739927,0.0,878,0.0008052554679890198
2015-10-04 05:00:00,0.7000000000000001,0.0,0.0,131,231,1.1341991341991342,0,0.552524968806,0.0,136,0.004931300583474497
2015-10-04 06:00:00,0.7000000000000001,0.0,0.0,173,300,1.1533333333333333,0,0.555003183618,0.0,179,0.0038573021181716833
2015-10-04 07:00:00,0.7000000000000001,0.0,0.0,140,264,1.0606060606060606,0,0.535581354123,0.0,147,0.004032722663901371
2015-10-04 08:00:00,0.6866666666666665,-0.019047619047619316,-0.01923136192788788,176,324,1.0864197530864197,0,0.519930751073,0.0,188,0.003363528647326377
2015-10-04 09:00:00,0.6899999999999998,0.004854368932038833,0.0048426244757879275,139,252,1.1031746031746033,0,0.50695045789,0.0,147,0.004395117940934674
2015-10-04 10:00:00,0.6858333333333332,-0.006038647342995196,-0.006056953708189872,144,253,1.1383399209486167,0,0.507823428676,0.0,152,0.004517221908526256
2015-10-04 11:00:00,0.6799999999999998,-0.008505467800729027,-0.008541845712962792,130,235,1.1063829787234043,0,0.540701901301,0.0,139,0.004728132387706856
2015-10-04 12:00:00,0.6799999999999998,0.0,0.0,200,364,1.098901098901099,0,0.581240625458,0.0,208,0.0030272757545484817
2015-10-04 13:00:00,0.6799999999999998,0.0,0.0,170,297,1.1447811447811447,0,0.572711696674,0.0,175,0.0038675038675038674
2015-10-04 14:00:00,0.6849999999999999,0.007352941176470784,0.00732604009207305,121,219,1.1050228310502284,0,0.556257969896,0.0,128,0.005068912069037744
2015-10-04 15:00:00,0.67,-0.02189781021897796,-0.0221411258772134,147,256,1.1484375,0,0.507305099662,0.0,155,0.004503676470588235
2015-10-04 16:00:00,0.67,0.0,0.0,123,226,1.0884955752212389,0,0.558186740496,0.0,131,0.0048377581120943956
2015-10-04 17:00:00,0.67,0.0,0.0,887,1498,1.1842456608811749,0,0.606610938569,0.0,895,0.0007910792657856879
2015-10-04 18:00:00,0.67,0.0,0.0,160,283,1.1307420494699647,0,0.51260015177,0.0,168,0.004009723579680726
2015-10-04 19:00:00,0.67,0.0,0.0,164,295,1.111864406779661,0,0.58648203234,0.0,173,0.0037818517237403434
2015-10-04 20:00:00,0.67,0.0,0.0,139,254,1.094488188976378,0,0.531696156316,0.0,145,0.004326040272633905
2015-10-04 21:00:00,0.67,0.0,0.0,131,230,1.1391304347826088,0,0.500939379445,0.0,136,0.004974368710841086
2015-10-04 22:00:00,0.6725,0.0037313432835819342,0.0037243990909823217,105,200,1.05,0,0.59223288278,0.0,112,0.0052763819095477385
2015-10-04 23:00:00,0.6749999999999999,0.003717472118959009,0.0037105793965355733,129,235,1.097872340425532,0,0.503750086207,0.0,139,0.004691762138570649
2015-10-05 00:00:00,0.6858333333333332,0.016049382716049276,0.015921953010585244,142,261,1.0881226053639848,0,0.41362463595,0.0,149,0.004185086943707633
2015-10-05 01:00:00,0.67,-0.02308626974483574,-0.02335693149810314,126,229,1.1004366812227073,0,0.531874223178,0.0,131,0.004826476672029419
2015-10-05 02:00:00,0.67,0.0,0.0,100,182,1.098901098901099,0,0.502912551629,0.0,106,0.006071276789508834
2015-10-05 03:00:00,0.67,0.0,0.0,146,262,1.1145038167938932,0,0.495398834703,0.0,155,0.004270129566260127
2015-10-05 04:00:00,0.67,0.0,0.0,122,212,1.150943396226415,0,0.551684958279,0.0,129,0.00545470803898775
2015-10-05 05:00:00,0.6741666666666667,0.0062189054726367035,0.006199647879525315,933,1577,1.1832593532022828,0,0.605284909004,0.0,939,0.0007507990819811439
2015-10-05 06:00:00,0.6774999999999999,0.004944375772558463,0.004932192489318643,114,211,1.080568720379147,0,0.60025393293,0.0,123,0.005145565335138795
2015-10-05 07:00:00,0.6824999999999998,0.0073800738007379066,0.0073529743052587184,169,300,1.1266666666666667,0,0.507664580608,0.0,175,0.0037681159420289855
2015-10-05 08:00:00,0.6899999999999998,0.010989010989011172,0.01092907053219033,166,312,1.064102564102564,0,0.522471945403,0.0,175,0.0034215516530629072
2015-10-05 09:00:00,0.6725,-0.02536231884057949,-0.02568948611531069,177,317,1.1167192429022081,0,0.586449966695,0.0,188,0.0035339216547538234
2015-10-05 10:00:00,0.67,-0.003717472118959009,-0.0037243990909823217,105,191,1.0994764397905759,0,0.596375880704,0.0,111,0.005786718104160926
2015-10-05 11:00:00,0.67,0.0,0.0,126,226,1.1150442477876106,0,0.572717872997,0.0,134,0.00495575221238938
2015-10-05 12:00:00,0.67,0.0,0.0,187,348,1.0747126436781609,0,0.452445784973,0.0,195,0.003097154592732452
2015-10-05 13:00:00,0.67,0.0,0.0,131,238,1.1008403361344539,0,0.59536859702,0.0,138,0.004644895933056767
2015-10-05 14:00:00,0.6625000000000001,-0.011194029850746244,-0.011257154524634385,104,195,1.0666666666666667,0,0.501288782793,0.0,114,0.005498281786941581
2015-10-05 15:00:00,0.66,-0.0037735849056604884,-0.003780722839906159,154,270,1.1407407407407408,0,0.528476670806,0.0,162,0.004240671898664464
2015-10-05 16:00:00,0.66,0.0,0.0,142,247,1.1497975708502024,0.0014285714285714286,0.498840123363,0.006072874493927126,147,0.004673973865244725
2015-10-05 17:00:00,0.6583333333333334,-0.002525252525252375,-0.002528446353358582,920,1556,1.1825192802056554,0,0.604900946011,0.0,926,0.0007604625596177849
2015-10-05 18:00:00,0.6508333333333335,-0.011392405063291087,-0.011457795621381106,159,280,1.1357142857142857,0,0.503237474392,0.0,167,0.004070660522273425
2015-10-05 19:00:00,0.6500000000000001,-0.001280409731113985,-0.001281230156048585,187,324,1.154320987654321,0,0.578940192829,0.0,194,0.0035737491877842753
2015-10-05 20:00:00,0.6500000000000001,0.0,0.0,170,307,1.1074918566775245,0,0.558792602346,0.0,176,0.003619254433586681
2015-10-05 21:00:00,0.6349999999999999,-0.02307692307692344,-0.0233473639969915,141,252,1.119047619047619,0,0.534951115937,0.0,149,0.004458357047998482
2015-10-05 22:00:00,0.6366666666666666,0.002624671916010568,0.002621233479874252,106,193,1.0984455958549222,0,0.518337440566,0.0,109,0.005721070811744387
2015-10-05 23:00:00,0.6266666666666667,-0.015706806282722363,-0.015831465216680496,157,282,1.1134751773049645,0,0.49780375547,0.0,164,0.003962545114964287
2015-10-06 00:00:00,0.6074999999999998,-0.030585106382979062,-0.03106259194118205,156,280,1.1142857142857143,0,0.545758465282,0.0,162,0.0039938556067588326
2015-10-06 01:00:00,0.6025,-0.008230452674896749,-0.008264509849893076,115,209,1.1004784688995215,0,0.516990143022,0.0,118,0.005290761869709238
2015-10-06 02:00:00,0.6100000000000001,0.012448132780083164,0.01237129180254698,125,218,1.146788990825688,0,0.571905950454,0.0,129,0.005284741893205936
2015-10-06 03:00:00,0.6100000000000001,0.0,0.0,188,329,1.1428571428571428,0,0.571838814948,0.0,195,0.003484320557491289
2015-10-06 04:00:00,0.6100000000000001,0.0,0.0,140,248,1.1290322580645162,0,0.508525560342,0.0,148,0.004570980801880632
2015-10-06 05:00:00,0.6166666666666666,0.01092896174863367,0.01086967223690355,867,1470,1.1795918367346938,0,0.607817027502,0.0,877,0.00080298967783165
2015-10-06 06:00:00,0.6258333333333334,0.014864864864865046,0.0147554655659195,131,239,1.096234309623431,0,0.559867980987,0.0,141,0.00460602651102282
2015-10-06 07:00:00,0.62,-0.009320905459387574,-0.009364616931042902,195,355,1.0985915492957747,0,0.58409710759,0.0,207,0.0031033659584626403
2015-10-06 08:00:00,0.62,0.0,0.0,155,277,1.1191335740072201,0,0.565460334334,0.0,164,0.0040548317898812325
2015-10-06 09:00:00,0.6141666666666666,-0.009408602150537626,-0.009453142643755295,161,298,1.080536912751678,0,0.495312191383,0.0,169,0.0036381714234063225
2015-10-06 10:00:00,0.6049999999999999,-0.014925373134328512,-0.015037877364540653,136,251,1.0836653386454183,0,0.511423346149,0.0,148,0.004334661354581673
2015-10-06 11:00:00,0.6058333333333334,0.0013774104683199615,0.0013764627087236025,258,483,1.0683229813664596,0,0.57440161925,0.0,270,0.002216437720677302
2015-10-06 12:00:00,0.6100000000000001,0.006877579092159579,0.0068540364277921975,194,347,1.1181556195965419,0,0.525037126319,0.0,206,0.003231663640452433
2015-10-06 13:00:00,0.6100000000000001,0.0,0.0,140,252,1.1111111111111112,0,0.518407449186,0.0,149,0.004426737494466578
2015-10-06 14:00:00,0.615,0.008196721311475308,0.008163310639160759,132,243,1.0864197530864197,0,0.500782720691,0.0,144,0.004489337822671156
2015-10-06 15:00:00,0.6166666666666668,0.0027100271002713505,0.0027063615977431787,162,291,1.1134020618556701,0,0.532963405676,0.0,171,0.0038393174546747246
2015-10-06 16:00:00,0.62,0.005405405405405128,0.005390848634876211,143,254,1.125984251968504,0,0.561983493305,0.0,153,0.004450530640191715
2015-10-06 17:00:00,0.6191666666666668,-0.0013440860215052641,-0.0013449901153325672,851,1437,1.184411969380654,0,0.606916422902,0.0,856,0.0008247994215742717
2015-10-06 18:00:00,0.6100000000000001,-0.014804845222072703,-0.014915530756447581,113,211,1.0710900473933649,0,0.495397405275,0.0,122,0.005100428797111261
2015-10-06 19:00:00,0.6125,0.004098360655737654,0.00408998525152504,157,281,1.1174377224199288,0,0.557666003678,0.0,164,0.0039908490086426026
2015-10-06 20:00:00,0.63,0.02857142857142847,0.028170876966696238,176,317,1.110410094637224,0,0.529236052002,0.0,184,0.0035139559956874175
2015-10-06 21:00:00,0.6316666666666666,0.002645502645502562,0.002642009462838546,145,259,1.1196911196911197,0,0.535989821611,0.0,151,0.004339888060818293
2015-10-06 22:00:00,0.63,-0.0026385224274405594,-0.002642009462838546,112,196,1.1428571428571428,0,0.495047793851,0.0,117,0.005860805860805861
2015-10-06 23:00:00,0.63,0.0,0.0,195,351,1.1111111111111112,0,0.553373424125,0.0,202,0.0031746031746031746
2015-10-07 00:00:00,0.63,0.0,0.0,171,302,1.1324503311258278,0,0.577843504118,0.0,178,0.0037622934588897932
2015-10-07 01:00:00,0.63,0.0,0.0,143,260,1.1,0,0.507563846651,0.0,152,0.0042471042471042475
2015-10-07 02:00:00,0.63,0.0,0.0,127,220,1.1545454545454545,0,0.509211988221,0.0,133,0.005271897052718971
2015-10-07 03:00:00,0.63,0.0,0.0,169,296,1.1418918918918919,0,0.535436278764,0.0,176,0.003870819972514888
2015-10-07 04:00:00,0.63,0.0,0.0,138,245,1.126530612244898,0.0028721876495931067,0.572671236037,0.01769040677495488,145,0.004616928738708598
2015-10-07 05:00:00,0.63,0.0,0.0,831,1416,1.173728813559322,0,0.609905053375,0.0,839,0.0008294903276037612
2015-10-07 06:00:00,0.63,0.0,0.0,160,283,1.1307420494699647,0,0.490526759106,0.0,170,0.004009723579680726
2015-10-07 07:00:00,0.63,0.0,0.0,153,277,1.1046931407942238,0,0.559297336717,0.0,164,0.004002511379689217
2015-10-07 08:00:00,0.6258333333333334,-0.006613756613756627,-0.006635724415398225,214,387,1.1059431524547803,0,0.55326647428,0.0,223,0.002865137700660053
2015-10-07 09:00:00,0.625,-0.0013315579227696215,-0.0013324452337786785,152,273,1.1135531135531136,0,0.517297278735,0.0,158,0.004093945270415859
2015-10-07 10:00:00,0.63,0.008000000000000007,0.007968169649176904,185,336,1.1011904761904763,0,0.521802534933,0.0,194,0.003287135749822317
2015-10-07 11:00:00,0.63,0.0,0.0,205,378,1.0846560846560847,0.0008110300081103001,0.567288192863,0.007936507936507936,213,0.002877071842589084
2015-10-07 12:00:00,0.6316666666666666,0.002645502645502562,0.002642009462838546,173,315,1.0984126984126985,0.0010744985673352436,0.610008877239,0.006351195448939809,181,0.0034981296127792943
2015-10-07 13:00:00,0.6399999999999999,0.013192612137203021,0.013106347505300486,96,180,1.0666666666666667,0,0.522659150197,0.0,105,0.0059590316573556795
2015-10-07 14:00:00,0.6399999999999999,0.0,0.0,189,339,1.1150442477876106,0,0.542369023243,0.0,196,0.00329894747866157
2015-10-07 15:00:00,0.6399999999999999,0.0,0.0,158,280,1.1285714285714286,0,0.527527192782,0.0,168,0.004045058883768562
2015-10-07 16:00:00,0.6425,0.00390625,0.003898640415657406,234,410,1.1414634146341462,0,0.564596028115,0.0,243,0.0027908640944600154
2015-10-07 17:00:00,0.63,-0.01945525291828787,-0.019646997383796442,807,1373,1.1755280407865987,0,0.607345358423,0.0,816,0.0008567988635470836
2015-10-07 18:00:00,0.63,0.0,0.0,161,284,1.1338028169014085,0,0.55325691723,0.0,169,0.004006370377743493
2015-10-07 19:00:00,0.63,0.0,0.0,177,318,1.1132075471698113,0,0.552252219651,0.0,187,0.003511695732396881
2015-10-07 20:00:00,0.63,0.0,0.0,215,388,1.1082474226804124,0,0.507602892789,0.0,222,0.0028636884306987398
2015-10-07 21:00:00,0.6208333333333332,-0.01455026455026476,-0.014657157799973619,150,273,1.098901098901099,0,0.534780598829,0.0,158,0.004040077569489335
2015-10-07 22:00:00,0.5999999999999999,-0.033557046979865834,-0.03413300636945865,147,261,1.1264367816091954,0,0.611106311756,0.0,153,0.004332449160035367
2015-10-07 23:00:00,0.5999999999999999,0.0,0.0,200,364,1.098901098901099,0,0.563872463333,0.0,206,0.0030272757545484817
2015-10-08 00:00:00,0.6091666666666667,0.01527777777777817,0.01516224773967789,176,309,1.13915857605178,0,0.601406996812,0.0,181,0.0036985668053629217
2015-10-08 01:00:00,0.625,0.025991792065663374,0.025659746780577475,125,226,1.1061946902654867,0,0.603594799455,0.0,132,0.004916420845624385
2015-10-08 02:00:00,0.6141666666666667,-0.0173333333333332,-0.017485314341019353,166,285,1.1649122807017545,0,0.498758912559,0.0,169,0.004101803805287868
2015-10-08 03:00:00,0.6041666666666665,-0.016282225237449488,-0.016416237334662187,137,249,1.1004016064257027,0,0.524850412878,0.0,145,0.004437103251716544
2015-10-08 04:00:00,0.5999999999999999,-0.006896551724137946,-0.0069204428445738255,161,284,1.1338028169014085,0,0.61692737215,0.0,171,0.004006370377743493
2015-10-08 05:00:00,0.5999999999999999,0.0,0.0,819,1397,1.1725125268432355,0,0.610920162383,0.0,830,0.0008399086868504552
2015-10-08 06:00:00,0.6024999999999999,0.004166666666666874,0.004158010148663793,136,239,1.1380753138075315,0,0.588236533017,0.0,142,0.004781829049611476
2015-10-08 07:00:00,0.6100000000000001,0.012448132780083387,0.012371291802547202,165,293,1.1262798634812288,0,0.517365933032,0.0,172,0.0038571228201411943
2015-10-08 08:00:00,0.6074999999999999,-0.004098360655737987,-0.004106781952653682,208,374,1.1122994652406417,0,0.512296306874,0.0,215,0.0029820360998408625
2015-10-08 09:00:00,0.5974999999999999,-0.016460905349794275,-0.01659789140903784,159,284,1.119718309859155,0.0010944910616563297,0.54709271072,0.008215962441314553,168,0.003956601801622456
2015-10-08 10:00:00,0.5924999999999999,-0.008368200836820106,-0.008403410796379518,168,308,1.0909090909090908,0,0.562504522329,0.0,177,0.0035534498075214687
2015-10-08 11:00:00,0.5941666666666665,0.002812939521800173,0.002808990611054996,213,402,1.0597014925373134,0,0.51889375071,0.0,227,0.002642647113559385
2015-10-08 12:00:00,0.5999999999999999,0.009817671809256634,0.009769791595805044,190,340,1.1176470588235294,0,0.60182769499,0.0,199,0.00329689397883047
2015-10-08 13:00:00,0.5999999999999999,0.0,0.0,139,260,1.0692307692307692,0,0.595388035813,0.0,150,0.004128304128304128
2015-10-08 14:00:00,0.5999999999999999,0.0,0.0,157,279,1.125448028673835,0,0.570921560473,0.0,163,0.004048374203862716
2015-10-08 15:00:00,0.5916666666666666,-0.013888888888888841,-0.013986241974739856,149,264,1.128787878787879,0,0.564203406767,0.0,156,0.004291969120866459
2015-10-08 16:00:00,0.5966666666666666,0.008450704225352101,0.008415196925284585,169,293,1.1535836177474403,0,0.544284936896,0.0,176,0.003950628827902192
2015-10-08 17:00:00,0.6033333333333332,0.011173184357541777,0.011111225425070592,750,1272,1.179245283018868,0,0.612147212446,0.0,757,0.0009278090346332556
2015-10-08 18:00:00,0.6025,-0.0013812154696128953,-0.001382170226951307,142,257,1.105058365758755,0,0.504404316108,0.0,150,0.0043166342412451365
2015-10-08 19:00:00,0.6066666666666666,0.00691562932226808,0.006891826037921045,113,203,1.1133004926108374,0,0.559637297427,0.0,120,0.005511388577281374
2015-10-08 20:00:00,0.6058333333333334,-0.0013736263736260355,-0.0013745706631662635,141,259,1.0888030888030888,0,0.49204427624,0.0,144,0.004220167010864685
2015-10-08 21:00:00,0.6349999999999999,0.04814305364511662,0.04702007815312659,104,185,1.1243243243243244,0,0.549780331941,0.0,109,0.006110458284371328
2015-10-08 22:00:00,0.635,2.220446049250313e-16,1.6653345369377348e-16,139,248,1.1209677419354838,0,0.511713078702,0.0,146,0.0045383309390100565
2015-10-08 23:00:00,0.6316666666666665,-0.005249343832021247,-0.005263170044274901,126,234,1.0769230769230769,0,0.585364719406,0.0,133,0.00462198745460548
2015-10-09 00:00:00,0.6583333333333334,0.042216358839050505,0.041349559818695925,139,259,1.0733590733590734,0,0.544876026874,0.0,145,0.004160306485887881
2015-10-09 01:00:00,0.6475,-0.016455696202531844,-0.016592595093419926,114,202,1.1287128712871286,0,0.509452991542,0.0,119,0.005615486921826511
2015-10-09 02:00:00,0.6483333333333335,0.0012870012870016545,0.0012861738107445284,172,307,1.1205211726384365,0,0.603126603924,0.0,181,0.0036618338975112305
2015-10-09 03:00:00,0.6500000000000001,0.002570694087403513,0.0025673955052457065,154,273,1.1282051282051282,0,0.507224350313,0.0,160,0.004147812971342383
2015-10-09 04:00:00,0.6500000000000001,0.0,0.0,243,441,1.1020408163265305,0,0.536288266239,0.0,250,0.0025046382189239332
2015-10-09 05:00:00,0.6616666666666666,0.017948717948717663,0.017789541563498046,770,1329,1.1587659894657638,0,0.602469207893,0.0,776,0.0008725647511037377
2015-10-09 06:00:00,0.6625000000000002,0.001259445843829088,0.0012586534071965527,155,277,1.1191335740072201,0,0.549823157416,0.0,161,0.0040548317898812325
2015-10-09 07:00:00,0.6475000000000001,-0.02264150943396248,-0.022901764286684667,164,291,1.127147766323024,0,0.524526975692,0.0,171,0.003886716435596635
2015-10-09 08:00:00,0.6425,-0.0077220077220079295,-0.007751976804318106,152,278,1.0935251798561152,0,0.495502641573,0.0,159,0.003947744331610524
2015-10-09 09:00:00,0.6399999999999999,-0.003891050583657685,-0.003898640415657406,194,349,1.1117478510028653,0,0.563059887718,0.0,204,0.0031946777327668545
2015-10-09 10:00:00,0.6466666666666668,0.010416666666667185,0.010362787035546994,147,262,1.1221374045801527,0,0.545556399933,0.0,156,0.004299377029042731
2015-10-09 11:00:00,0.6583333333333333,0.018041237113401776,0.01788042527784811,186,323,1.151702786377709,0,0.552740391509,0.0,191,0.0035767167278810837
2015-10-09 12:00:00,0.6675,0.013924050632911468,0.013828001607292029,161,282,1.1418439716312057,0,0.554810660643,0.0,169,0.0040635016784028675
2015-10-09 13:00:00,0.6791666666666666,0.017478152309612804,0.017327166172503402,188,337,1.1157270029673592,0,0.57404986004,0.0,198,0.003320616080259997
2015-10-09 14:00:00,0.6791666666666666,0.0,0.0,122,222,1.0990990990990992,0,0.559052926846,0.0,132,0.0049732990909461495
2015-10-09 15:00:00,0.6716666666666667,-0.011042944785275788,-0.011104370734234148,201,355,1.1323943661971831,0,0.543891389684,0.0,206,0.003198854141799952
2015-10-09 16:00:00,0.6616666666666667,-0.01488833746898266,-0.015000281259492597,187,334,1.1197604790419162,0,0.503291677152,0.0,191,0.0033626440812069554
2015-10-09 17:00:00,0.66,-0.002518891687657509,-0.002522069432709939,798,1353,1.1796008869179602,0,0.611735163212,0.0,804,0.0008724858631050001
2015-10-09 18:00:00,0.6725,0.018939393939393808,0.018762276455522864,152,269,1.1301115241635689,0,0.545031375419,0.0,163,0.004216834045386451
2015-10-09 19:00:00,0.66,-0.018587360594795488,-0.018762276455522864,162,287,1.1289198606271778,0,0.556030671471,0.0,169,0.003947272239955167
2015-10-09 20:00:00,0.66,0.0,0.0,166,301,1.1029900332225913,0,0.504825303913,0.0,173,0.0036766334440753046
2015-10-09 21:00:00,0.6558333333333335,-0.00631313131313116,-0.0063331433970224005,143,255,1.1215686274509804,0,0.570062579449,0.0,148,0.004415624517523545
2015-10-09 22:00:00,0.6500000000000001,-0.00889453621346892,-0.008934328733765873,130,239,1.0878661087866108,0,0.515928923721,0.0,142,0.004570866003305088
2015-10-09 23:00:00,0.6566666666666668,0.01025641025641022,0.0102041701742418,172,312,1.1025641025641026,0,0.548642698717,0.0,182,0.00354522219473988
2015-10-10 00:00:00,0.6500000000000001,-0.01015228426395942,-0.0102041701742418,116,210,1.1047619047619048,0,0.563407395315,0.0,125,0.005285942128047391
2015-10-10 01:00:00,0.6500000000000001,0.0,0.0,165,293,1.1262798634812288,0,0.560793693453,0.0,173,0.0038571228201411943
2015-10-10 02:00:00,0.6458333333333331,-0.006410256410256943,-0.006430890330290928,130,233,1.1158798283261802,0,0.5289193771,0.0,138,0.004809826846233535
2015-10-10 03:00:00,0.6466666666666667,0.001290322580645542,0.0012894908298721195,189,339,1.1150442477876106,0,0.592558335512,0.0,195,0.00329894747866157
2015-10-10 04:00:00,0.6399999999999999,-0.01030927835051565,-0.010362787035546772,226,400,1.13,0,0.592423688284,0.0,234,0.002832080200501253
2015-10-10 05:00:00,0.6399999999999999,0.0,0.0,809,1373,1.1784413692643845,0,0.603282082111,0.0,820,0.000858922280804945
2015-10-10 06:00:00,0.6399999999999999,0.0,0.0,138,248,1.1129032258064515,0,0.502640591024,0.0,149,0.00450568107613948
2015-10-10 07:00:00,0.6399999999999999,0.0,0.0,170,303,1.1221122112211221,0,0.547296598092,0.0,177,0.0037156033484143118
2015-10-10 08:00:00,0.6399999999999999,0.0,0.0,157,287,1.0940766550522647,0,0.506864789024,0.0,170,0.0038254428498330937
2015-10-10 09:00:00,0.6399999999999999,0.0,0.0,146,262,1.1145038167938932,0,0.603123336671,0.0,153,0.004270129566260127
2015-10-10 10:00:00,0.6399999999999999,0.0,0.0,152,273,1.1135531135531136,0.001293103448275862,0.534238426087,0.006105006105006104,162,0.004093945270415859
2015-10-10 11:00:00,0.6399999999999999,0.0,0.0,185,328,1.1280487804878048,0,0.51617284548,0.0,189,0.0034496904602073545
2015-10-10 12:00:00,0.6399999999999999,0.0,0.0,124,214,1.158878504672897,0,0.591972152625,0.0,128,0.0054407441533938835
2015-10-10 13:00:00,0.6558333333333334,0.02473958333333348,0.024438515269731287,159,273,1.164835164835165,0,0.580978361979,0.0,162,0.004282482223658695
2015-10-10 14:00:00,0.6408333333333333,-0.02287166454892009,-0.023137278911759485,109,196,1.1122448979591837,0,0.526999340261,0.0,114,0.005703819989534275
2015-10-10 15:00:00,0.6399999999999999,-0.0013003901170350884,-0.0013012363579718025,239,422,1.132701421800948,0,0.553662308946,0.0,245,0.0026905021895509453
2015-10-10 16:00:00,0.6399999999999999,0.0,0.0,122,213,1.1455399061032865,0,0.500705371885,0.0,128,0.005403490123128709
2015-10-10 17:00:00,0.635,-0.007812499999999889,-0.007843177461025752,788,1331,1.1840721262208866,0,0.608483941606,0.0,792,0.0008902797941510426
2015-10-10 18:00:00,0.6366666666666666,0.002624671916010346,0.002621233479874085,139,235,1.1829787234042553,0,0.504352627501,0.0,144,0.005055464629932715
2015-10-10 19:00:00,0.63,-0.010471204188481577,-0.010526412986987366,138,250,1.104,0,0.601896665025,0.0,143,0.004433734939759036
2015-10-10 20:00:00,0.6325,0.003968253968253954,0.003960401216096865,107,200,1.07,0,0.507520848049,0.0,110,0.005376884422110552
2015-10-10 21:00:00,0.63,-0.0039525691699603405,-0.003960401216096865,142,257,1.105058365758755,0,0.581507368936,0.0,149,0.0043166342412451365
2015-10-10 22:00:00,0.6233333333333334,-0.01058201058201047,-0.01063839820505563,106,191,1.1099476439790577,0,0.510517589032,0.0,109,0.005841829705152935
2015-10-10 23:00:00,0.6283333333333333,0.008021390374331359,0.00798939003347865,150,265,1.1320754716981132,0,0.523117300913,0.0,155,0.004288164665523156
2015-10-11 00:00:00,0.6266666666666666,-0.002652519893899252,-0.0026560440581163136,89,159,1.119496855345912,0,0.576919241829,0.0,94,0.007085423135100709
2015-10-11 01:00:00,0.63,0.005319148936170359,0.005305052229693297,113,213,1.0610328638497653,0,0.588819375753,0.0,121,0.005004871999291345
2015-10-11 02:00:00,0.63,0.0,0.0,75,138,1.0869565217391304,0,0.539954804024,0.0,80,0.007933989209774674
2015-10-11 03:00:00,0.62,-0.015873015873015928,-0.016000341346441127,188,346,1.0867052023121386,0,0.505376910212,0.0,193,0.003149870151629388
2015-10-11 04:00:00,0.62,0.0,0.0,138,246,1.1219512195121952,0,0.549075555816,0.0,144,0.0045793927327028375
2015-10-11 05:00:00,0.625,0.008064516129032251,0.008032171697264223,755,1280,1.1796875,0,0.606218581106,0.0,760,0.0009223514464425332
2015-10-11 06:00:00,0.63,0.008000000000000007,0.007968169649176904,132,239,1.104602510460251,0,0.551845785717,0.0,138,0.0046411870187405505
2015-10-11 07:00:00,0.63,0.0,0.0,172,304,1.131578947368421,0,0.495135607601,0.0,177,0.0037345839847142607
2015-10-11 08:00:00,0.63,0.0,0.0,162,297,1.0909090909090908,0.0012836970474967907,0.571750287147,0.006737259877356496,167,0.0036855036855036856
2015-10-11 09:00:00,0.63,0.0,0.0,164,287,1.1428571428571428,0,0.540237589236,0.0,168,0.003996003996003996
2015-10-11 10:00:00,0.6208333333333335,-0.014550264550264312,-0.014657157799973288,195,341,1.1436950146627567,0,0.587340480195,0.0,200,0.0033638088666551663
2015-10-11 11:00:00,0.62,-0.0013422818791948288,-0.001343183546467841,163,283,1.1519434628975265,0,0.520896413257,0.0,168,0.004084905896799739
2015-10-11 12:00:00,0.62,0.0,0.0,125,233,1.0729613733905579,0,0.525496983154,0.0,133,0.004624833505993784
2015-10-11 13:00:00,0.62,0.0,0.0,102,189,1.0793650793650793,0,0.569166843237,0.0,108,0.005741303613644039
2015-10-11 14:00:00,0.6233333333333334,0.005376344086021723,0.005361943141385495,101,188,1.074468085106383,0,0.533261909435,0.0,108,0.005745818636932529
2015-10-11 15:00:00,0.62,-0.005347593582887833,-0.005361943141385495,137,247,1.1093117408906883,0,0.561708836481,0.0,143,0.004509397320693854
2015-10-11 16:00:00,0.6241666666666666,0.006720430107526765,0.006697948684127542,154,276,1.1159420289855073,0,0.51186318075,0.0,157,0.004057971014492754
2015-10-11 17:00:00,0.6283333333333333,0.006675567423231055,0.006653384490736602,723,1230,1.175609756097561,0,0.618044851088,0.0,728,0.0009565579789239715
2015-10-11 18:00:00,0.6258333333333334,-0.003978779840848712,-0.003986716243821242,109,199,1.0954773869346734,0,0.542235389233,0.0,114,0.0055327140754276435
2015-10-11 19:00:00,0.6258333333333334,0.0,0.0,138,243,1.1358024691358024,0,0.526313382673,0.0,144,0.004693398632792572
2015-10-11 20:00:00,0.63,0.00665778961384822,0.006635724415398225,93,174,1.0689655172413792,0,0.633581162494,0.0,96,0.006178991429140921
2015-10-11 21:00:00,0.6233333333333334,-0.01058201058201047,-0.01063839820505563,166,303,1.0957095709570956,0,0.543972796076,0.0,171,0.0036281773872751514
2015-10-11 22:00:00,0.6233333333333333,-2.220446049250313e-16,-1.6653345369377348e-16,200,348,1.1494252873563218,0,0.545698210734,0.0,204,0.003312464805061446
2015-10-11 23:00:00,0.6349999999999999,0.018716577540106805,0.018543577712168916,152,267,1.1385767790262171,0,0.510770415063,0.0,157,0.004280363830925628
2015-10-12 00:00:00,0.635,2.220446049250313e-16,1.6653345369377348e-16,163,284,1.147887323943662,0,0.500079358844,0.0,169,0.00405613895386453
2015-10-12 01:00:00,0.6374999999999998,0.003937007874015519,0.003929278139889303,117,209,1.1196172248803828,0,0.54273869942,0.0,120,0.005382775119617225
2015-10-12 02:00:00,0.6399999999999999,0.003921568627450967,0.003913899321136449,146,264,1.106060606060606,0,0.587427329962,0.0,152,0.00420555363521143
2015-10-12 03:00:00,0.6316666666666666,-0.01302083333333326,-0.013106347505300486,134,234,1.1452991452991452,0.0014211274277593558,0.504391793979,0.01282051282051282,141,0.004915446975532812
2015-10-12 04:00:00,0.6433333333333332,0.01846965699208436,0.018301164382404426,255,451,1.130820399113082,0,0.574196925191,0.0,260,0.0025129342202512934
2015-10-12 05:00:00,0.6399999999999999,-0.005181347150258975,-0.005194816877103936,760,1300,1.1692307692307693,0,0.615918921753,0.0,767,0.0009001006691537869
2015-10-12 06:00:00,0.6399999999999999,0.0,0.0,119,213,1.1173708920187793,0,0.536247248444,0.0,127,0.005270617415182921
2015-10-12 07:00:00,0.6399999999999999,0.0,0.0,175,310,1.1290322580645162,0,0.576579643628,0.0,183,0.003653826077878693
2015-10-12 08:00:00,0.6399999999999999,0.0,0.0,154,288,1.0694444444444444,0,0.513498678393,0.0,162,0.0037262872628726286
2015-10-12 09:00:00,0.635,-0.007812499999999889,-0.007843177461025752,155,281,1.103202846975089,0,0.532891194802,0.0,161,0.003940010167768175
2015-10-12 10:00:00,0.63,-0.007874015748031482,-0.00790517950711328,133,236,1.1271186440677967,0,0.56365233872,0.0,140,0.0047962495492246664
2015-10-12 11:00:00,0.6241666666666666,-0.0092592592592593,-0.009302392662313586,190,342,1.1111111111111112,0.001011804384485666,0.566081178893,0.0043859649122807015,198,0.0032583903551645487
2015-10-12 12:00:00,0.6208333333333333,-0.005340453938584733,-0.005354765137659867,117,218,1.073394495412844,0,0.498042493094,0.0,126,0.004946518412040756
2015-10-12 13:00:00,0.6224999999999999,0.002684563758389213,0.0026809667532576853,155,284,1.091549295774648,0,0.580367801174,0.0,161,0.0038570646493803814
2015-10-12 14:00:00,0.6399999999999999,0.02811244979919669,0.0277245480148548,153,274,1.1167883211678833,0,0.53318930945,0.0,160,0.004090799711237668
2015-10-12 15:00:00,0.6333333333333333,-0.01041666666666652,-0.010471299867295336,211,372,1.1344086021505377,0,0.516225823338,0.0,217,0.003057705127090398
2015-10-12 16:00:00,0.6233333333333334,-0.015789473684210353,-0.015915455305899332,172,316,1.0886075949367089,0,0.519961590895,0.0,180,0.0034558971267832027
2015-10-12 17:00:00,0.625,0.002673796791443639,0.002670228555878729,817,1404,1.1638176638176638,0,0.614836267918,0.0,830,0.0008295207867552842
2015-10-12 18:00:00,0.63,0.008000000000000007,0.007968169649176904,154,286,1.0769230769230769,0,0.591611531827,0.0,165,0.003778677462887989
2015-10-12 19:00:00,0.6391666666666665,0.014550264550264425,0.014445425187723016,163,293,1.1126279863481228,0,0.592253949485,0.0,172,0.0038103698162606945
2015-10-12 20:00:00,0.6358333333333333,-0.00521512385919165,-0.00522877008279915,171,313,1.0926517571884984,0,0.489523640099,0.0,179,0.0035020889653477514
2015-10-12 21:00:00,0.6325,-0.005242463958060273,-0.0052562538888270005,174,311,1.1189710610932475,0,0.542029655019,0.0,181,0.003609584068042734
2015-10-12 22:00:00,0.63,-0.0039525691699603405,-0.003960401216096865,142,251,1.1314741035856575,0,0.535961298567,0.0,150,0.004525896414342629
2015-10-12 23:00:00,0.6266666666666666,-0.005291005291005457,-0.005305052229693297,218,398,1.0954773869346734,0,0.58094868644,0.0,225,0.0027593888839664315
2015-10-13 00:00:00,0.6283333333333333,0.002659574468085069,0.0026560440581163136,143,263,1.0874524714828897,0,0.515546710082,0.0,152,0.00415058195222477
2015-10-13 01:00:00,0.63,0.0026525198938993637,0.0026490081715769827,190,351,1.0826210826210827,0,0.573052882769,0.0,197,0.0030932030932030933
2015-10-13 02:00:00,0.6216666666666667,-0.013227513227513144,-0.013315775975772104,134,239,1.1213389121338913,0,0.523437586321,0.0,140,0.004711508034176013
2015-10-13 03:00:00,0.6133333333333334,-0.013404825737265312,-0.013495481474884552,177,314,1.127388535031847,0,0.593307116151,0.0,183,0.003601880303616125
2015-10-13 04:00:00,0.6133333333333334,0.0,0.0,146,265,1.1018867924528302,0,0.512604296597,0.0,153,0.004173813607775872
2015-10-13 05:00:00,0.6116666666666667,-0.0027173913043478932,-0.002721090114360725,789,1350,1.1688888888888889,0,0.620668150878,0.0,796,0.0008664854624824973
2015-10-13 06:00:00,0.6141666666666669,0.00408719346049069,0.00407886357482129,144,251,1.1474103585657371,0,0.512802573063,0.0,150,0.004589641434262948
2015-10-13 07:00:00,0.6191666666666668,0.0081411126187243,0.008108152528422397,169,300,1.1266666666666667,0,0.609827679521,0.0,176,0.0037681159420289855
2015-10-13 08:00:00,0.6158333333333333,-0.005383580080753792,-0.005398123769557507,174,326,1.0674846625766872,0,0.505726936307,0.0,184,0.0032845681925436528
2015-10-13 09:00:00,0.6108333333333335,-0.008119079837618282,-0.008152219061550114,159,284,1.119718309859155,0,0.554560258398,0.0,166,0.003956601801622456
2015-10-13 10:00:00,0.6066666666666667,-0.006821282401091589,-0.006844653689965674,134,243,1.102880658436214,0,0.489290140529,0.0,143,0.004557358092711628
2015-10-13 11:00:00,0.6050000000000001,-0.0027472527472526265,-0.002751033371889755,185,330,1.121212121212121,0,0.588814652078,0.0,192,0.003407939578152344
2015-10-13 12:00:00,0.6100000000000001,0.008264462809917328,0.00823049913651547,138,248,1.1129032258064515,0,0.51867649119,0.0,145,0.00450568107613948
2015-10-13 13:00:00,0.6100000000000001,0.0,0.0,199,352,1.1306818181818181,0.0008678044547295343,0.519926603186,0.008522727272727272,205,0.0032213157213157213
2015-10-13 14:00:00,0.6100000000000001,0.0,0.0,136,247,1.1012145748987854,0,0.502451733939,0.0,145,0.00447648201178368
2015-10-13 15:00:00,0.6100000000000001,0.0,0.0,156,281,1.1103202846975089,0,0.607562942601,0.0,164,0.003965429588205389
2015-10-13 16:00:00,0.6100000000000001,0.0,0.0,634,1233,1.0283860502838604,0,0.707099700244,0.0,642,0.0008347289369187179
2015-10-13 17:00:00,0.6100000000000001,0.0,0.0,404,767,1.0534550195567145,0,0.699619247563,0.0,415,0.0013752676495518467
2015-10-13 18:00:00,0.6100000000000001,0.0,0.0,145,262,1.1068702290076335,0,0.491002700721,0.0,151,0.004240882103477523
2015-10-13 19:00:00,0.6125000000000002,0.004098360655737876,0.004089985251525208,122,223,1.094170403587444,0,0.593628388891,0.0,130,0.004928695511655153
2015-10-13 20:00:00,0.6100000000000001,-0.0040816326530612726,-0.004089985251525208,173,317,1.0914826498422714,0,0.522764295503,0.0,180,0.0034540590184882003
2015-10-13 21:00:00,0.6100000000000001,0.0,0.0,183,326,1.1226993865030674,0,0.551424952432,0.0,188,0.0034544596507786692
2015-10-13 22:00:00,0.6033333333333332,-0.010928961748634336,-0.010989121575595671,101,185,1.0918918918918918,0,0.489801037595,0.0,105,0.005934195064629847
2015-10-13 23:00:00,0.5999999999999999,-0.005524861878453025,-0.005540180375615322,157,281,1.1174377224199288,0,0.574078525414,0.0,164,0.0039908490086426026
2015-10-14 00:00:00,0.6083333333333335,0.013888888888889506,0.013793322132336359,189,351,1.0769230769230769,0,0.589215247036,0.0,196,0.003076923076923077
2015-10-14 01:00:00,0.6100000000000001,0.002739726027397138,0.0027359798188746343,196,356,1.101123595505618,0,0.580864278987,0.0,203,0.003101756607058079
2015-10-14 02:00:00,0.6100000000000001,0.0,0.0,170,307,1.1074918566775245,0,0.497046804666,0.0,181,0.003619254433586681
2015-10-14 03:00:00,0.605,-0.008196721311475641,-0.00823049913651569,180,315,1.1428571428571428,0,0.538241123982,0.0,185,0.003639672429481347
2015-10-14 04:00:00,0.5866666666666666,-0.030303030303030495,-0.0307716586667538,183,332,1.1024096385542168,0,0.502580262865,0.0,189,0.003330542714665308
2015-10-14 05:00:00,0.5833333333333333,-0.005681818181818121,-0.005698021114637686,815,1394,1.1692969870875178,0,0.616334775769,0.0,824,0.0008394091795315994
2015-10-14 06:00:00,0.5924999999999999,0.01571428571428579,0.015592094759836141,119,224,1.0625,0,0.588510958114,0.0,128,0.00476457399103139
2015-10-14 07:00:00,0.5833333333333334,-0.015471167369901397,-0.015592094759835915,169,297,1.138047138047138,0,0.558983151267,0.0,175,0.003844753844753845
2015-10-14 08:00:00,0.5891666666666666,0.009999999999999787,0.009950330853167877,155,285,1.087719298245614,0,0.526260407906,0.0,160,0.0038299975290338522
2015-10-14 09:00:00,0.5841666666666666,-0.008486562942008447,-0.008522778861982605,171,311,1.0996784565916398,0,0.609243800666,0.0,177,0.003547349859973032
2015-10-14 10:00:00,0.59,0.009985734664764713,0.009936206659129644,139,247,1.125506072874494,0,0.521654173947,0.0,147,0.004575227938514203
2015-10-14 11:00:00,0.59,0.0,0.0,187,343,1.0903790087463556,0,0.505415316584,0.0,197,0.003188242715632619
2015-10-14 12:00:00,0.59,0.0,0.0,149,277,1.075812274368231,0,0.575933425057,0.0,159,0.003897870559305185
2015-10-14 13:00:00,0.59,0.0,0.0,181,335,1.0805970149253732,0,0.622691725792,0.0,192,0.003235320403968183
2015-10-14 14:00:00,0.5533333333333332,-0.062146892655367325,-0.06416194421728605,175,318,1.10062893081761,0,0.521862237372,0.0,183,0.003472015554629685
2015-10-14 15:00:00,0.5466666666666666,-0.012048192771084263,-0.012121360532344694,163,301,1.0830564784053156,0.0014563106796116505,0.622221464516,0.006647463537616927,171,0.003610188261351052
2015-10-14 16:00:00,0.5524999999999999,0.010670731707316916,0.010614201241773369,201,366,1.098360655737705,0,0.555417681547,0.0,210,0.003009207275993712
2015-10-14 17:00:00,0.5408333333333334,-0.02111613876319729,-0.0213422734817722,847,1443,1.173943173943174,0,0.611411305125,0.0,853,0.0008141076102241151
2015-10-14 18:00:00,0.5325000000000001,-0.015408320493066174,-0.015528262326555131,132,255,1.035294117647059,0,0.571702869625,0.0,143,0.004075961093098657
2015-10-14 19:00:00,0.5283333333333334,-0.007824726134585291,-0.007855499940308873,195,358,1.089385474860335,0.002274450341167551,0.600979490345,0.004841713221601489,205,0.003051499929580771
2015-10-14 20:00:00,0.5375000000000001,0.017350157728706517,0.017201362358546524,183,330,1.1090909090909091,0,0.541472025405,0.0,190,0.003371096988118265
2015-10-14 21:00:00,0.5175,-0.03720930232558162,-0.03791923486229398,167,302,1.1059602649006623,0,0.547616372957,0.0,175,0.0036742865943543597
2015-10-14 22:00:00,0.5016666666666666,-0.03059581320450888,-0.031073636624657782,160,296,1.0810810810810811,0.001654715940430226,0.561533284258,0.007882882882882882,170,0.0036646816307833257
2015-10-14 23:00:00,0.5283333333333334,0.053156146179402335,0.05179150912840525,143,257,1.11284046692607,0,0.571234397296,0.0,149,0.004347033073929961
2015-10-15 00:00:00,0.5283333333333334,0.0,0.0,121,222,1.09009009009009,0,0.500453907314,0.0,132,0.00493253434429905
2015-10-15 01:00:00,0.5300000000000001,0.003154574132492094,0.003149608902896284,166,303,1.0957095709570956,0,0.495455034981,0.0,175,0.0036281773872751514
2015-10-15 02:00:00,0.5216666666666665,-0.015723270440252124,-0.015848192240024206,167,316,1.0569620253164558,0,0.559010491719,0.0,180,0.0033554350010046212
2015-10-15 03:00:00,0.535,0.02555910543131024,0.025237932589863062,202,368,1.0978260869565217,0,0.588809791728,0.0,209,0.0029913517355763535
2015-10-15 04:00:00,0.5199999999999999,-0.02803738317757032,-0.028437935320533736,195,346,1.1271676300578035,0,0.544239352029,0.0,203,0.003267152550892184
2015-10-15 05:00:00,0.5199999999999999,0.0,0.0,747,1292,1.1563467492260062,0,0.626636861895,0.0,753,0.0008956984889434595
2015-10-15 06:00:00,0.5366666666666667,0.03205128205128238,0.031548357734926265,133,244,1.0901639344262295,0,0.520246309863,0.0,140,0.004486271335087364
2015-10-15 07:00:00,0.5499999999999999,0.024844720496894238,0.024541108916117386,154,277,1.111913357400722,0,0.51424645574,0.0,160,0.004028671584785225
2015-10-15 08:00:00,0.5499999999999999,0.0,0.0,132,237,1.1139240506329113,0,0.509518667151,0.0,140,0.004720017163698777
2015-10-15 09:00:00,0.5491666666666666,-0.0015151515151515804,-0.001516300517964142,210,393,1.0687022900763359,0,0.590290897738,0.0,223,0.0027262813522355507
2015-10-15 10:00:00,0.5499999999999999,0.0015174506828528054,0.001516300517964142,109,200,1.09,0,0.499376914771,0.0,116,0.005477386934673367
2015-10-15 11:00:00,0.5416666666666666,-0.015151515151515138,-0.015267472130788384,185,333,1.1111111111111112,0.0023612750885478157,0.530636423674,0.006709484692833444,192,0.0033467202141900937
2015-10-15 12:00:00,0.54,-0.0030769230769229767,-0.003081666537408045,131,238,1.1008403361344539,0,0.516144679545,0.0,139,0.004644895933056767
2015-10-15 13:00:00,0.54,0.0,0.0,205,370,1.1081081081081081,0,0.575522600095,0.0,212,0.003003003003003003
2015-10-15 14:00:00,0.54,0.0,0.0,149,274,1.0875912408759123,0.003121748178980229,0.514454233952,0.0121654501216545,161,0.0039838506991791665
2015-10-15 15:00:00,0.54,0.0,0.0,184,334,1.1017964071856288,0,0.614175665388,0.0,195,0.0033086979194763624
2015-10-15 16:00:00,0.54,0.0,0.0,149,264,1.128787878787879,0,0.530383561308,0.0,157,0.004291969120866459
2015-10-15 17:00:00,0.54,0.0,0.0,794,1365,1.1633699633699635,0,0.616170469059,0.0,801,0.0008529105303298852
2015-10-15 18:00:00,0.555,0.0277777777777779,0.027398974188114544,155,295,1.0508474576271187,0,0.525174188763,0.0,168,0.003574311080364349
2015-10-15 19:00:00,0.5816666666666667,0.04804804804804785,0.0469294322219832,153,289,1.0588235294117647,0,0.481485327869,0.0,159,0.003676470588235294
2015-10-15 20:00:00,0.5700000000000001,-0.020057306590257732,-0.02026118513982189,135,250,1.08,0,0.602548909871,0.0,142,0.004337349397590362
2015-10-15 21:00:00,0.5866666666666667,0.029239766081871288,0.02882043853549177,156,296,1.054054054054054,0,0.516785654526,0.0,168,0.0035730645900137427
2015-10-15 22:00:00,0.5683333333333334,-0.03125,-0.03174869831458016,152,279,1.0896057347670252,0,0.603847360086,0.0,158,0.003919445089090018
2015-10-15 23:00:00,0.5691666666666667,0.0014662756598240454,0.0014652017273278915,136,244,1.1147540983606556,0,0.506147668633,0.0,142,0.004587465425352493
2015-10-16 00:00:00,0.5700000000000001,0.0014641288433383526,0.0014630580517605019,144,261,1.103448275862069,0,0.585147331608,0.0,152,0.004244031830238726
2015-10-16 01:00:00,0.5700000000000001,0.0,0.0,169,308,1.0974025974025974,0,0.506216807006,0.0,175,0.003574601294471001
2015-10-16 02:00:00,0.5700000000000001,0.0,0.0,195,340,1.1470588235294117,0,0.581906914088,0.0,200,0.00338365434669443
2015-10-16 03:00:00,0.5658333333333333,-0.007309941520468044,-0.00733679006385457,137,245,1.1183673469387756,0,0.504447150151,0.0,144,0.004583472733355637
2015-10-16 04:00:00,0.5499999999999999,-0.027982326951399128,-0.028381292538224856,172,310,1.1096774193548387,0,0.596843808838,0.0,180,0.0035911890594007723
2015-10-16 05:00:00,0.5499999999999999,0.0,0.0,748,1293,1.156999226604795,8.7890625e-05,0.624879949548,0.0015256883633127925,758,0.0008955102373102129
2015-10-16 06:00:00,0.5541666666666668,0.007575757575758012,0.007547205635383247,159,289,1.1003460207612457,0,0.532315662709,0.0,170,0.0038206459054209918
2015-10-16 07:00:00,0.5600000000000002,0.010526315789473715,0.010471299867295449,194,354,1.0960451977401129,0,0.526267097586,0.0,203,0.0031049439029464956
2015-10-16 08:00:00,0.5600000000000002,0.0,0.0,182,334,1.089820359281437,0,0.545838908861,0.0,189,0.003272733811655967
2015-10-16 09:00:00,0.5666666666666668,0.011904761904761862,0.01183445764700275,176,317,1.110410094637224,0,0.549883638701,0.0,185,0.0035139559956874175
2015-10-16 10:00:00,0.5700000000000001,0.00588235294117645,0.005865119452397982,143,265,1.079245283018868,0,0.540137947344,0.0,152,0.004088050314465409
2015-10-16 11:00:00,0.5700000000000001,0.0,0.0,170,306,1.1111111111111112,0,0.57928058066,0.0,175,0.0036429872495446266
2015-10-16 12:00:00,0.5558333333333333,-0.024853801169590798,-0.025167871706926914,142,261,1.0881226053639848,0,0.52792085103,0.0,150,0.004185086943707633
2015-10-16 13:00:00,0.5341666666666668,-0.038980509745127116,-0.03976058899495338,242,433,1.117782909930716,0.0006311803071744162,0.603750364456,0.004619922072654747,248,0.002587460439654435
2015-10-16 14:00:00,0.5300000000000001,-0.007800312012480438,-0.007830893580547893,151,274,1.102189781021898,0,0.554398880172,0.0,156,0.004037325205208417
2015-10-16 15:00:00,0.5249999999999999,-0.009433962264151384,-0.009478743954544178,150,271,1.1070110701107012,0,0.547235177247,0.0,158,0.004100041000410004
2015-10-16 16:00:00,0.5199999999999999,-0.00952380952380949,-0.009569451016150698,138,256,1.078125,0,0.521337351823,0.0,147,0.004227941176470588
2015-10-16 17:00:00,0.5416666666666666,0.04166666666666674,0.040821994520255256,801,1375,1.1650909090909092,0,0.621498124005,0.0,806,0.0008479555379118698
2015-10-16 18:00:00,0.5383333333333334,-0.006153846153845843,-0.006172859107080764,151,277,1.0902527075812274,0,0.560903361051,0.0,161,0.0039501909694972005
2015-10-16 19:00:00,0.5300000000000001,-0.015479876160990669,-0.015600940442479616,139,251,1.1075697211155378,0,0.537036631817,0.0,144,0.004430278884462151
2015-10-16 20:00:00,0.5300000000000001,0.0,0.0,119,221,1.0769230769230769,0,0.513524713559,0.0,129,0.0048951048951048955
2015-10-16 21:00:00,0.5300000000000001,0.0,0.0,234,422,1.1090047393364928,0,0.614625536759,0.0,242,0.002634215532865779
2015-10-16 22:00:00,0.5366666666666667,0.012578616352201031,0.012500162764231382,152,272,1.1176470588235294,0,0.529668120069,0.0,160,0.00412415888864771
2015-10-16 23:00:00,0.54,0.006211180124223503,0.0061919702479209535,162,287,1.1289198606271778,0,0.526599302198,0.0,166,0.003947272239955167
2015-10-17 00:00:00,0.5375000000000001,-0.004629629629629539,-0.004640379556502094,142,257,1.105058365758755,0,0.543779959665,0.0,149,0.0043166342412451365
2015-10-17 01:00:00,0.5300000000000001,-0.01395348837209298,-0.01405175345565024,203,371,1.0943396226415094,0,0.587867259277,0.0,209,0.0029576746557878632
2015-10-17 02:00:00,0.5300000000000001,0.0,0.0,161,290,1.110344827586207,0,0.548796952612,0.0,170,0.0038420236248657676
2015-10-17 03:00:00,0.5283333333333334,-0.003144654088050425,-0.003149608902896284,161,295,1.0915254237288134,0.0012568077084206116,0.517378079124,0.003626580575733118,170,0.0037126715092816787
2015-10-17 04:00:00,0.5199999999999999,-0.015772870662460914,-0.01589858606779859,564,1082,1.0425138632162663,0,0.707087243987,0.0,569,0.0009643976532990436
2015-10-17 05:00:00,0.5300000000000001,0.01923076923076961,0.01904819497069488,383,727,1.0536451169188445,0,0.700620837784,0.0,392,0.0014513018139378025
2015-10-17 06:00:00,0.5300000000000001,0.0,0.0,123,226,1.0884955752212389,0,0.55257099723,0.0,132,0.0048377581120943956
2015-10-17 07:00:00,0.5300000000000001,0.0,0.0,152,271,1.121771217712177,0,0.572932499077,0.0,158,0.004154708213748804
2015-10-17 08:00:00,0.5283333333333334,-0.003144654088050425,-0.003149608902896284,170,309,1.1003236245954693,0,0.498260395667,0.0,177,0.0035724793006346404
2015-10-17 09:00:00,0.5366666666666666,0.015772870662460248,0.015649771667127443,145,261,1.1111111111111112,0,0.58103833202,0.0,150,0.004273504273504274
2015-10-17 10:00:00,0.5199999999999999,-0.031055900621118068,-0.031548357734926036,142,255,1.1137254901960785,0,0.574127250514,0.0,148,0.0043847460243940095
2015-10-17 11:00:00,0.5225000000000001,0.004807692307692736,0.00479617226349327,190,342,1.1111111111111112,0,0.591602040581,0.0,197,0.0032583903551645487
2015-10-17 12:00:00,0.5333333333333334,0.020733652312599826,0.020521635720796905,176,312,1.1282051282051282,0,0.542026721932,0.0,182,0.003627669222524528
2015-10-17 13:00:00,0.5499999999999999,0.031249999999999774,0.030771658666753462,199,364,1.0934065934065933,0,0.522766039747,0.0,206,0.0030121393757757396
2015-10-17 14:00:00,0.5483333333333332,-0.00303030303030305,-0.003034903695154134,169,310,1.0903225806451613,0,0.55971748603,0.0,181,0.0035285520409228523
2015-10-17 15:00:00,0.5499999999999999,0.003039513677811634,0.003034903695154134,164,298,1.1006711409395973,0,0.555448779813,0.0,170,0.003705963437507062
2015-10-17 16:00:00,0.5499999999999999,0.0,0.0,165,295,1.11864406779661,0,0.597456837925,0.0,172,0.0038049117952265654
2015-10-17 17:00:00,0.5499999999999999,0.0,0.0,719,1229,1.1700569568755086,0,0.622589851056,0.0,726,0.0009528151114621405
2015-10-17 18:00:00,0.5499999999999999,0.0,0.0,156,279,1.118279569892473,0,0.535041203352,0.0,163,0.004022588380908177
2015-10-17 19:00:00,0.5466666666666666,-0.0060606060606059895,-0.006079046076382211,109,201,1.0845771144278606,0,0.503704955836,0.0,116,0.0054228855721393035
2015-10-17 20:00:00,0.5433333333333334,-0.0060975609756095395,-0.006116227017435749,201,365,1.1013698630136985,0,0.593643619833,0.0,205,0.0030257413819057655
2015-10-17 21:00:00,0.5600000000000002,0.03067484662576692,0.03021377859649665,14,34,0.8235294117647058,0,0.707106781187,0.0,20,0.024955436720142603
